,FPR,TPR,ROC_AUC
0,0.0,0.0,0.7242957746478873
1,0.2764084507042254,0.725,0.7242957746478873
2,1.0,1.0,0.7242957746478873
