,FPR,TPR,ROC_AUC
0,0.0,0.0,0.7245051389417587
1,0.2577464788732394,0.7067567567567568,0.7245051389417587
2,1.0,1.0,0.7245051389417587
