,FPR,TPR,ROC_AUC
0,0.0,0.0,0.7260119274203781
1,0.2973004694835681,0.7493243243243243,0.7260119274203781
2,1.0,1.0,0.7260119274203781
