,FPR,TPR,ROC_AUC
0,0.0,0.0,0.7267621494734171
1,0.29917840375586857,0.7527027027027027,0.7267621494734171
2,1.0,1.0,0.7267621494734171
